<beans xmlns="http://www.springframework.org/schema/beans"
	xmlns:xsi="http://www.w3.org/2001/XMLSchema-instance" xmlns:mvc="http://www.springframework.org/schema/mvc"
	xmlns:context="http://www.springframework.org/schema/context"
	xmlns:aop="http://www.springframework.org/schema/aop" xmlns:tx="http://www.springframework.org/schema/tx"
	xsi:schemaLocation="http://www.springframework.org/schema/beans 
		http://www.springframework.org/schema/beans/spring-beans-3.2.xsd 
		http://www.springframework.org/schema/mvc 
		http://www.springframework.org/schema/mvc/spring-mvc-3.2.xsd 
		http://www.springframework.org/schema/context 
		http://www.springframework.org/schema/context/spring-context-3.2.xsd 
		http://www.springframework.org/schema/aop 
		http://www.springframework.org/schema/aop/spring-aop-3.2.xsd 
		http://www.springframework.org/schema/tx 
		http://www.springframework.org/schema/tx/spring-tx-3.2.xsd ">

	<!-- 加载db.properties文件中的内容，db.properties文件中key命名要有一定的特殊规则 -->
	<context:property-placeholder location="classpath:db.properties" />
	
	<!-- 配置数据源 ，dbcp   origin itcast.com-->
	<bean id="dataSource" class="org.apache.commons.dbcp.BasicDataSource" destroy-method="close">
		<property name="driverClassName" value="${jdbc.driver}" />
		<property name="url" value="${jdbc.url}" />
		<property name="username" value="${jdbc.username}" />
		<property name="password" value="${jdbc.password}" />
		<property name="maxActive" value="30" />
		<property name="maxIdle" value="5" />
	</bean>

   <!-- replace DBCP , By E633229 -->
<!-- 	<bean id="dataSource" class="com.mchange.v2.c3p0.ComboPooledDataSource"> -->
		<!-- 基础配置 -->
<!-- 		<property name="jdbcUrl" value="${jdbc.url}"></property> -->
<!-- 		<property name="driverClass" value="${jdbc.driver}"></property> -->
<!-- 		<property name="user" value="${jdbc.username}"></property> -->
<!-- 		<property name="password" value="${jdbc.password}"></property> -->
		<!-- 关键配置 -->
		<!--初始化时获取三个连接，取值应在minPoolSize与maxPoolSize之间。Default: 3 -->
<!-- 		<property name="initialPoolSize" value="3"></property> -->
		<!--连接池中保留的最小连接数。Default: 2 -->
<!-- 		<property name="minPoolSize" value="2"></property> -->
		<!--连接池中保留的最大连接数。Default: 15 -->
<!-- 		<property name="maxPoolSize" value="15"></property> -->
		<!--当连接池中的连接耗尽的时候c3p0一次同时获取的连接数。Default: 3 -->
<!-- 		<property name="acquireIncrement" value="3"></property> -->
		<!-- 性能配置 -->
		<!-- 控制数据源内加载的PreparedStatements数量。如果maxStatements与maxStatementsPerConnection均为0，则缓存被关闭。Default: 0 -->
<!-- 		<property name="maxStatements" value="8"></property> -->
		<!-- maxStatementsPerConnection定义了连接池内单个连接所拥有的最大缓存statements数。Default:  0 -->
<!-- 		<property name="maxStatementsPerConnection" value="5"></property> -->
		<!--最大空闲时间,1800秒内未使用则连接被丢弃。若为0则永不丢弃。Default: 0 -->
<!-- 		<property name="maxIdleTime" value="1800"></property> -->
<!-- 	</bean> -->
	
	<!-- sqlSessionFactory -->
	<bean id="sqlSessionFactory" class="org.mybatis.spring.SqlSessionFactoryBean">
		<!-- 数据库连接池 -->
		<property name="dataSource" ref="dataSource" />
		<!-- 加载mybatis的全局配置文件 -->
		<property name="configLocation" value="classpath:mybatis/SqlMapConfig.xml" />
	</bean>
	<!-- mapper扫描器 -->
	<bean class="org.mybatis.spring.mapper.MapperScannerConfigurer">
		<!-- 扫描包路径，如果需要扫描多个包，中间使用半角逗号隔开 -->
		<property name="basePackage" value="com.ssc.mapper"></property>
		<property name="sqlSessionFactoryBeanName" value="sqlSessionFactory" />
	</bean>



</beans>