<?xml version="1.0" encoding="UTF-8" ?>
<!DOCTYPE mapper
PUBLIC "-//mybatis.org//DTD Mapper 3.0//EN"
"http://mybatis.org/dtd/mybatis-3-mapper.dtd">

<mapper namespace="com.ssc.mapper.LoginMapper">

<!-- <cache type="org.mybatis.caches.ehcache.EhcacheCache"/> -->

<!--   ResultMap     -->
<resultMap type="UserQueryVo" id="UserMap">
<association property="userCustom" javaType="com.ssc.beans.UserCustom">
<result column="password" property="password"/>
</association>
<association property="user" javaType="com.ssc.beans.User">
<result column="userName" property="userName"/>
<result column="role" property="role"/>
<result column="group_id" property="groupId"/>
<result column="OTHER_CONFIG" property="otherConfig"/>
<result column="long_name" property="longName"/>
<result column="short_name" property="shortName"/>
</association>
</resultMap>

<sql id="userName">
<choose>
<when test="userCustom != null and userCustom.userName != null">
 user_nm = #{userName}
</when>
<otherwise>
 1=0
</otherwise>
</choose>
</sql>


<!-- <select id="login" parameterType="User" resultMap="UserMap"> -->
<select id="loginWithUserName" parameterType="String" resultType="UserCustom">
select user_nm userName, pass password,role, group_id groupId, OTHER_CONFIG otherConfig, long_name longName, short_name shortName  from PROJECT_USER 
<where>
 user_nm = #{userName}
<!-- <include refid="userName"></include> -->
</where>
</select>

	
</mapper>


