<?xml version="1.0" encoding="UTF-8" ?>
<!DOCTYPE mapper
PUBLIC "-//mybatis.org//DTD Mapper 3.0//EN"
"http://mybatis.org/dtd/mybatis-3-mapper.dtd">

<!-- namespace命名空间，作用就是对sql进行分类化管理，理解sql隔离 
注意：使用mapper代理方法开发，namespace有特殊重要的作用，namespace等于mapper接口地址
-->
<mapper namespace="com.ssc.mapper.DownloadFileMapper">

<cache type="org.mybatis.caches.ehcache.EhcacheCache"/>



<sql id="ID"><if test="id!=null">
and ID= #{id}
</if>
</sql>

<sql id="itemDesc"><if test="itemDesc != null">
     and upper(b.Item_Desc) like '%${itemDesc}%'
</if>
</sql>
<sql id="fileName"><if test="fileName != null">
     and upper(FILE_NAME) LIKE  '%${fileName}%'
</if>
</sql>
<sql id="projectNameFile"><if test="projectName != null">
   and  b.project_nm like '%${projectName}%'
</if>
</sql>
<sql id="orderBy">
<choose><when test="orderBy == null">a.FILE_NAME</when>
<otherwise>#{orderBy}</otherwise></choose>
</sql>



<select id="getFileByID"  parameterType="Integer" resultType="ProjectAttachmentBean">
select id, PROJECT_ID projectId, FILE_NAME fileName, FILE_PATH filePath, FILE_DESC fileDesc, IS_OBSELETE isOldFile, UPLOAD_TIME createTime, user_nm userNm from PROJECT_ATTACHMENTS 
<where>
<include refid="ID"></include>
</where>
</select>

<select id="getAllFilesByMultiParam"  parameterType="ProjectAttachmentQueryVo" resultType="ProjectAttachmentBeanCustom">
SELECT a.ID,  a.PROJECT_ID projectId,  a.FILE_NAME fileName,  a.FILE_PATH filePath,  a.FILE_DESC fileDesc,  a.IS_OBSELETE isOldFile,  
a.UPLOAD_TIME createTime, a.user_nm userNm,  b.project_nm projectName,  b.Item_Desc projectItemDesc
FROM PROJECT_ATTACHMENTS a INNER JOIN PROJECT_STATUS b ON a.project_id=b.id
<where>
    a.IS_OBSELETE='N'
<include refid="itemDesc"></include>
<include refid="fileName"></include>
<include refid="projectNameFile"></include>
</where>
ORDER BY
<include refid="orderBy"></include>
 ASC
</select>

<select id="getFilesByProjectID"  parameterType="Integer" resultType="ProjectAttachmentBeanCustom">
select ID, PROJECT_ID projectId, FILE_NAME fileName, FILE_PATH filePath, FILE_DESC fileDesc, IS_OBSELETE isOldFile, UPLOAD_TIME createTime, user_nm   userNm
from PROJECT_ATTACHMENTS where IS_OBSELETE='N' and PROJECT_ID=#{id} order by UPLOAD_TIME DESC
</select>




	
</mapper>


